{
  "eye": {
    "orientation": [
      0.1407645344734192,
      -0.6019728779792786,
      -0.10302731394767761,
      0.779229998588562
    ],
    "magnitude": 0.5773502588272095,
    "position": [
      -767.944091796875,
      223.0174102783203,
      575.6580810546875
    ]
  },
  "radius": 562.91650390625,
  "type": "PERSPECTIVE"
}