{
  "eye": {
    "orientation": [
      0.4207032024860382,
      -0.5110480189323425,
      0.22481392323970795,
      0.7150506973266602
    ],
    "magnitude": 0.5773502588272095,
    "position": [
      -284.86724853515625,
      -611.0726928710938,
      464.03546142578125
    ]
  },
  "radius": 562.91650390625,
  "type": "PERSPECTIVE"
}