{
  "eye": {
    "orientation": [
      0.39257559180259705,
      -0.5787181258201599,
      -0.08747270703315735,
      0.7094492316246033
    ],
    "magnitude": 0.5773502588272095,
    "position": [
      -1033.168212890625,
      -98.82562255859375,
      -50.139068603515625
    ]
  },
  "radius": 779.4228515625,
  "type": "PERSPECTIVE"
}