{
  "eye": {
    "orientation": [
      -0.05996446684002876,
      -0.05282987281680107,
      -0.43303436040878296,
      -0.897827684879303
    ],
    "magnitude": 0.5773502588272095,
    "position": [
      256.50439453125,
      -53.222412109375,
      2026.0792236328125
    ]
  },
  "radius": 779.4228515625,
  "type": "PERSPECTIVE"
}