{
  "eye": {
    "orientation": [
      -0.04728272184729576,
      0.015332628041505814,
      -7.258810219354928E-4,
      -0.9987636208534241
    ],
    "magnitude": 1,
    "position": [
      -13.550540924072266,
      -41.88865280151367,
      441.2215881347656
    ]
  },
  "radius": 256,
  "type": "ORTHOGRAPHIC"
}