{
  "eye": {
    "orientation": [
      0,
      0,
      0.6959444880485535,
      0.7180956602096558
    ],
    "magnitude": 1,
    "position": [
      0,
      0,
      0
    ]
  },
  "radius": 256,
  "type": "TWO_D"
}